"fixture_id","fixture_file","fixture_type","seed","source_call","source_policy","generator","storage_path","object_class","nrow","ncol","hash_algo","canonical_hash","source_canonical_hash","rds_sha256","generated_R_version","generated_platform","package_versions","os_policy"
"F01","jebs_appendix_mixture_seed42.rds","JEBS appendix seed",42,"Lee 2024 JEBS appendix normalized output, seed = 42","direct appendix-code reproduction; plain canonical data frame","tests/data-raw/generate_golden_fixtures.R","tests/testthat/_snaps/golden/jebs_appendix_mixture_seed42.rds","data.frame",100,7,"xxhash64","e44a602fb85b300e","e44a602fb85b300e","235ad3556b2695097a59f5385bd0afa7c1661423846cd84e0e86c78b7e350938","R version 4.6.0 (2026-04-24)","aarch64-apple-darwin23","digest=0.6.39; tibble=3.3.1; withr=3.0.3","Linux x86-64 strict; macOS/Windows numerical equivalence per blueprint ch18 sec18.12"
"F02","jebs_appendix_mixture_seed1.rds","JEBS appendix seed",1,"Lee 2024 JEBS appendix normalized output, seed = 1","direct appendix-code reproduction; plain canonical data frame","tests/data-raw/generate_golden_fixtures.R","tests/testthat/_snaps/golden/jebs_appendix_mixture_seed1.rds","data.frame",100,7,"xxhash64","8ad97c6502ffbfb0","8ad97c6502ffbfb0","94deb50f78887d6540cfce72e3428d4e49cc18c6f3e9f4945cfa5e484c6048c7","R version 4.6.0 (2026-04-24)","aarch64-apple-darwin23","digest=0.6.39; tibble=3.3.1; withr=3.0.3","Linux x86-64 strict; macOS/Windows numerical equivalence per blueprint ch18 sec18.12"
"F03","jebs_appendix_mixture_seed2024.rds","JEBS appendix seed",2024,"Lee 2024 JEBS appendix normalized output, seed = 2024","direct appendix-code reproduction; plain canonical data frame","tests/data-raw/generate_golden_fixtures.R","tests/testthat/_snaps/golden/jebs_appendix_mixture_seed2024.rds","data.frame",100,7,"xxhash64","6710938b5ca4dd19","6710938b5ca4dd19","de0421f56099aa636d9d8bef94c6a37e044cde719d355d5ec299e75229bd0378","R version 4.6.0 (2026-04-24)","aarch64-apple-darwin23","digest=0.6.39; tibble=3.3.1; withr=3.0.3","Linux x86-64 strict; macOS/Windows numerical equivalence per blueprint ch18 sec18.12"
"F04","jebs_appendix_mixture_seed12345.rds","JEBS appendix seed",12345,"Lee 2024 JEBS appendix normalized output, seed = 12345","direct appendix-code reproduction; plain canonical data frame","tests/data-raw/generate_golden_fixtures.R","tests/testthat/_snaps/golden/jebs_appendix_mixture_seed12345.rds","data.frame",100,7,"xxhash64","61e3d9b579f99537","61e3d9b579f99537","657f9f2d5513d4ae8e37087d5e955635b523deb58399c0cb5689f65043c7afd9","R version 4.6.0 (2026-04-24)","aarch64-apple-darwin23","digest=0.6.39; tibble=3.3.1; withr=3.0.3","Linux x86-64 strict; macOS/Windows numerical equivalence per blueprint ch18 sec18.12"
"F05","preset_jebs_paper.rds","preset output",4719,"preset_jebs_paper() |> sim_multisite(seed = 4719)","package preset output with full multisiteDGP attributes","tests/data-raw/generate_golden_fixtures.R","tests/testthat/_snaps/golden/preset_jebs_paper.rds","multisitedgp_data/tbl_df/tbl/data.frame",50,7,"xxhash64","1bcc8c3437a1eb6a","1bcc8c3437a1eb6a","a86931df56e786c2e7bf6fbc050df65226e833c2d26a75c48f617540ab753d9d","R version 4.6.0 (2026-04-24)","aarch64-apple-darwin23","digest=0.6.39; tibble=3.3.1; withr=3.0.3","Linux x86-64 strict; macOS/Windows numerical equivalence per blueprint ch18 sec18.12"
"F06","preset_jebs_strict.rds","preset output",4719,"preset_jebs_strict() |> sim_multisite(seed = 4719)","package preset output with full multisiteDGP attributes","tests/data-raw/generate_golden_fixtures.R","tests/testthat/_snaps/golden/preset_jebs_strict.rds","multisitedgp_data/tbl_df/tbl/data.frame",100,7,"xxhash64","4f6b534ce7af70f0","4f6b534ce7af70f0","ead3466c09dbc57caebbff364b796d404b5b50240ff99bde7dc9dfbac6d95ba4","R version 4.6.0 (2026-04-24)","aarch64-apple-darwin23","digest=0.6.39; tibble=3.3.1; withr=3.0.3","Linux x86-64 strict; macOS/Windows numerical equivalence per blueprint ch18 sec18.12"
"F07","preset_education_modest.rds","preset output",12345,"preset_education_modest() |> sim_multisite(seed = 12345)","package preset output with full multisiteDGP attributes","tests/data-raw/generate_golden_fixtures.R","tests/testthat/_snaps/golden/preset_education_modest.rds","multisitedgp_data/tbl_df/tbl/data.frame",50,7,"xxhash64","ce2157243af3f1b8","ce2157243af3f1b8","21ef0cae0ec594d082eb52df5a087d684403bba16edb3e0b1c2d44f374355be4","R version 4.6.0 (2026-04-24)","aarch64-apple-darwin23","digest=0.6.39; tibble=3.3.1; withr=3.0.3","Linux x86-64 strict; macOS/Windows numerical equivalence per blueprint ch18 sec18.12"
"F08","preset_walters_2024.rds","preset output",1,"preset_walters_2024() |> sim_multisite(seed = 1)","package preset output with full multisiteDGP attributes","tests/data-raw/generate_golden_fixtures.R","tests/testthat/_snaps/golden/preset_walters_2024.rds","multisitedgp_data/tbl_df/tbl/data.frame",46,7,"xxhash64","e39989c0a83bf36c","e39989c0a83bf36c","48f684b0f20eee59ae6f2230b4a1838c4a349aff20b7ffb67a39a56e56f07493","R version 4.6.0 (2026-04-24)","aarch64-apple-darwin23","digest=0.6.39; tibble=3.3.1; withr=3.0.3","Linux x86-64 strict; macOS/Windows numerical equivalence per blueprint ch18 sec18.12"
"F09","preset_small_area_estimation.rds","preset output",42,"preset_small_area_estimation() |> sim_meta(seed = 42)","package preset output with full multisiteDGP attributes","tests/data-raw/generate_golden_fixtures.R","tests/testthat/_snaps/golden/preset_small_area_estimation.rds","multisitedgp_meta/multisitedgp_data/tbl_df/tbl/data.frame",30,7,"xxhash64","7c1fca03c0fd40b4","7c1fca03c0fd40b4","d61027aad2efab548d394dcc2161a14df945f669074b489730594789a61b9373","R version 4.6.0 (2026-04-24)","aarch64-apple-darwin23","digest=0.6.39; tibble=3.3.1; withr=3.0.3","Linux x86-64 strict; macOS/Windows numerical equivalence per blueprint ch18 sec18.12"
